{"train_losses": [0.4710601542168843, 0.3652388398517678, 0.3269469584308581, 0.30129071294880116, 0.28262131970161314, 0.2641279678434324, 0.24701387598824653, 0.23642080847515481, 0.22828927063452664, 0.21680556159855716], "test_losses": [0.4543185731407943, 0.37419763501662356, 0.3872662563422683, 0.366155218926205, 0.3703823574599187, 0.3602824891164045, 0.34689225042891353, 0.3489279094015717, 0.3568389140971147, 0.37152039625082806], "test_accuracies": [0.8356, 0.8627, 0.8607, 0.8731, 0.8725, 0.8762, 0.8814, 0.8826, 0.8755, 0.8766], "final_accuracy": 0.8766, "time_per_epoch": [7.001127243041992, 6.857501983642578, 6.9057769775390625, 6.865631341934204, 6.865767955780029, 7.113389015197754, 6.910818099975586, 6.919110059738159, 6.896759033203125, 6.896446943283081]}