{"train_losses": [0.47360358439655953, 0.3665011854075801, 0.32555403925780296, 0.3017902702156669, 0.28176976718914026, 0.26488042020721475, 0.25157566749051946, 0.2362654494530738, 0.22844174333504522, 0.2167661387814896], "test_losses": [0.41935475986854287, 0.3926198685624797, 0.3773437466496115, 0.3785251722593976, 0.34816255017071013, 0.3555331238705641, 0.3535584331887543, 0.36021001328518437, 0.3729830793799109, 0.35815277505832116], "test_accuracies": [0.8455, 0.8612, 0.8678, 0.8665, 0.8749, 0.8768, 0.879, 0.881, 0.8742, 0.8806], "final_accuracy": 0.8806}