{"train_losses": [0.4740033016911448, 0.36674209943076946, 0.32717458763197543, 0.29866561749533044, 0.283287946182464, 0.26420991580242287, 0.24870766465391306, 0.23634074193073998, 0.22487066599971323, 0.21433813151305736], "test_losses": [0.47817513508022214, 0.39640582158307364, 0.38433605394545634, 0.35531914661264724, 0.39237086664719184, 0.3368562755596106, 0.358272892511954, 0.366168339541004, 0.3531339430505303, 0.337162342325897], "test_accuracies": [0.8152, 0.8564, 0.8639, 0.8718, 0.8635, 0.8802, 0.8764, 0.8799, 0.8842, 0.8891], "final_accuracy": 0.8891}