{"train_losses": [0.4740699185078332, 0.3648942710954879, 0.3284373956559691, 0.3040498544984281, 0.28137463978581084, 0.2626030318407235, 0.251075302153381, 0.23831031666889882, 0.22751647123951774, 0.21606408285576778], "test_losses": [0.4104557852646348, 0.4020586253920938, 0.3699807581628204, 0.3560263652140927, 0.34949168240188794, 0.3631925745659573, 0.3519014116780014, 0.3453286950755271, 0.3586893859942248, 0.3384121023830335], "test_accuracies": [0.8509, 0.856, 0.8703, 0.873, 0.8791, 0.8727, 0.8758, 0.8805, 0.8826, 0.8878], "final_accuracy": 0.8878, "time_per_epoch": [7.549125909805298, 7.4539079666137695, 7.488419055938721, 7.481969118118286, 7.466053247451782, 7.7320568561553955, 8.054416179656982, 7.46002984046936, 7.523076057434082, 7.515397310256958]}