{"train_losses": [0.4759514553269852, 0.3689266048562425, 0.328829746574227, 0.3025589417864773, 0.2829388886896659, 0.26325272727034876, 0.24958465018792192, 0.23814054275912516, 0.22907899190256717, 0.214508645772648], "test_losses": [0.4351804525039758, 0.41051667454136404, 0.3749280249237255, 0.3521892829875278, 0.3525686805510217, 0.3591393185364213, 0.3376890359220991, 0.35238741096227794, 0.36569851356896627, 0.34566386883995337], "test_accuracies": [0.8414, 0.853, 0.8659, 0.8754, 0.8778, 0.8745, 0.8835, 0.8788, 0.8751, 0.8805], "final_accuracy": 0.8805}