{"train_losses": [0.13963711115398578, 0.13340317679922592, 0.1322771110780426, 0.12557586580455335, 0.1184689293164752, 0.11891256785913826, 0.11670512678240662, 0.10782215546872188, 0.10677100364257817, 0.1047117435790376], "test_losses": [0.4074185568673216, 0.405490891343564, 0.4269195919393734, 0.4100919667465292, 0.42127684399390675, 0.4492118768631273, 0.44533415392610676, 0.4457233040385945, 0.4610685892165846, 0.44502198487330397], "test_accuracies": [0.8893, 0.8932, 0.8861, 0.889, 0.8884, 0.8887, 0.8882, 0.8886, 0.8899, 0.8932], "final_accuracy": 0.8932, "time_per_epoch": [7.100102186203003, 7.212756395339966, 7.064547777175903, 6.884979963302612, 6.886750221252441, 6.851802110671997, 6.9517128467559814, 6.972563982009888, 6.862061023712158, 6.95262598991394]}