{"train_losses": [0.4651333197105816, 0.3645439806963244, 0.3343204010926416, 0.3171053884913287, 0.30095855447180797, 0.28878537097821844, 0.28051864698691353, 0.26906350742049717, 0.26108194882075586, 0.25588164186588275], "test_losses": [0.40512625161249927, 0.3617093327698434, 0.3520932360344632, 0.3417823245381094, 0.34152985501820876, 0.33604385528215175, 0.3454358525526751, 0.34037727568369763, 0.3655697631703061, 0.3527514419168424], "test_accuracies": [0.8532, 0.8712, 0.8766, 0.8789, 0.8855, 0.8881, 0.8802, 0.884, 0.8814, 0.8841], "final_accuracy": 0.8841, "time_per_epoch": [15.800691366195679, 16.064361810684204, 15.862308025360107, 16.211643934249878, 15.769964933395386, 16.05716896057129, 16.303142786026, 15.995390892028809, 15.941849946975708, 16.016154289245605]}