{"train_losses": [0.45125821417967477, 0.34475341498851775, 0.30739073616663615, 0.28410109250942867, 0.26446203418771425, 0.25118025486270584, 0.23686446661154428, 0.22592178026239076, 0.21416662285725277, 0.205798166012764], "test_losses": [0.43349467540622516, 0.3757156163074408, 0.34896880302839217, 0.34581592097688635, 0.3640537183186051, 0.3597036667500332, 0.34158260788127875, 0.36050898491576977, 0.3718879001250692, 0.3522496128063293], "test_accuracies": [0.8452, 0.8648, 0.8782, 0.8808, 0.8742, 0.8806, 0.8854, 0.883, 0.8829, 0.8897], "final_accuracy": 0.8897}