{"train_losses": [0.6300831375192253, 0.5069873238382893, 0.4657854319283097, 0.43953856470145974, 0.41973936790918276, 0.40230543670044266, 0.38632614227049944, 0.373046492011868, 0.36204396169028746, 0.3499761553093435], "test_losses": [0.42837431305533, 0.4073047107382185, 0.3899362415644773, 0.39192961051965214, 0.37224946916103363, 0.36960035951653863, 0.3946852771102623, 0.37461005179745377, 0.3767859551367486, 0.37686291617003215], "test_accuracies": [0.8459, 0.8561, 0.8629, 0.8607, 0.8716, 0.871, 0.8626, 0.8737, 0.8693, 0.8725], "final_accuracy": 0.8725, "time_per_epoch": [18.499963998794556, 18.464452028274536, 18.732526779174805, 18.741349697113037, 19.357259035110474, 18.965181350708008, 18.21802282333374, 18.016561031341553, 17.893069982528687, 18.02398705482483]}