{"train_losses": [0.4675029047777552, 0.3522966973540777, 0.31918251858356667, 0.29732835581430805, 0.281572293526725, 0.2680232245459161, 0.2564054760706862, 0.24622740022164258, 0.23828436964773175, 0.23002641133442775], "test_losses": [0.3735060216325104, 0.3385435264011857, 0.34559840590331203, 0.34031062388116384, 0.33081427790746565, 0.3334245572139503, 0.3412605672125604, 0.326752996795876, 0.3096073454922172, 0.31585408842108054], "test_accuracies": [0.8662, 0.8762, 0.8733, 0.8759, 0.8791, 0.8824, 0.8843, 0.8851, 0.8924, 0.8909], "final_accuracy": 0.8909, "time_per_epoch": [18.445384979248047, 18.430980920791626, 18.46428894996643, 18.659174919128418, 18.537620067596436, 18.54826807975769, 18.382764101028442, 18.46911096572876, 18.603287935256958, 18.641338109970093]}