{"train_losses": [0.47147295016909824, 0.35401179583794073, 0.3204410689280594, 0.2988256439598398, 0.28224372770875666, 0.27055587933188996, 0.2580731009807018, 0.24836543257469026, 0.23965962547109598, 0.23107173428123773], "test_losses": [0.38562410965466953, 0.351347976619271, 0.3338372096609158, 0.34458911713141543, 0.3357847144079816, 0.3165340300198573, 0.32490938059558533, 0.32646636925875, 0.30760646858222923, 0.31413237176313524], "test_accuracies": [0.8577, 0.8726, 0.8811, 0.8746, 0.8817, 0.8872, 0.8868, 0.8899, 0.8938, 0.8951], "final_accuracy": 0.8951, "time_per_epoch": [17.921956062316895, 17.809231996536255, 17.986074686050415, 17.950957775115967, 17.88069176673889, 17.936733961105347, 18.16965675354004, 18.148877143859863, 18.11518383026123, 18.143789052963257]}