{"train_losses": [0.4496440106232961, 0.34443158729076384, 0.3076128500978152, 0.28319656125307086, 0.26351347979704537, 0.24863167217373847, 0.23528582911690077, 0.22398900004625322, 0.21335130097667376, 0.20540888665914536], "test_losses": [0.4052753299474716, 0.3755098776832508, 0.3570400404322679, 0.3485317706207561, 0.35526663624936605, 0.34095876730361563, 0.34724904482911345, 0.37488059443273364, 0.3604302571932222, 0.3621171208893418], "test_accuracies": [0.8519, 0.8693, 0.8748, 0.8773, 0.8762, 0.8824, 0.8857, 0.8826, 0.8837, 0.8834], "final_accuracy": 0.8834, "time_per_epoch": [6.666006088256836, 6.628915071487427, 6.580735921859741, 6.549429893493652, 6.616295099258423, 6.681041955947876, 6.630428075790405, 6.612797260284424, 6.63119912147522, 6.6313300132751465]}