{"train_losses": [0.47984894132084316, 0.3796730014774534, 0.34894661466413074, 0.3309088974436124, 0.31587770911984975, 0.30441257803572547, 0.29266112393273247, 0.2847104703850216, 0.27536268877983094, 0.26901135177612306], "test_losses": [0.4297396709584886, 0.39233156004149444, 0.3920874955358019, 0.3672547531640454, 0.3721758421439274, 0.3645579101173741, 0.3669296532964251, 0.36289155094107245, 0.3789096173302383, 0.3713530697355604], "test_accuracies": [0.8467, 0.8603, 0.8604, 0.8726, 0.8693, 0.8746, 0.8676, 0.8748, 0.8691, 0.8748], "final_accuracy": 0.8748}