{"train_losses": [0.3383851148324793, 0.32822889363418617, 0.3188027854160161, 0.3111931669204766, 0.30131125867242825, 0.2949303127841153, 0.28780527129283, 0.2784837877605136, 0.2736065532494044, 0.26919278197400526], "test_losses": [0.37341374301227037, 0.3800689489313751, 0.3628180846097363, 0.38282318982728725, 0.40168605279770625, 0.3948121992455926, 0.379758159351197, 0.39767520566275166, 0.395097386447867, 0.4081364612860285], "test_accuracies": [0.8729, 0.8728, 0.8786, 0.8744, 0.8687, 0.8725, 0.8752, 0.8706, 0.8727, 0.8728], "final_accuracy": 0.8728, "time_per_epoch": [14.518349647521973, 14.231785774230957, 13.814212083816528, 13.392132997512817, 13.838433027267456, 13.393902778625488, 13.896311044692993, 13.393338203430176, 14.053135871887207, 14.648452997207642]}