{"train_losses": [0.6909052292421174, 0.5602634902765502, 0.5181632748862574, 0.48643171460008316, 0.46710446762886126, 0.4575020001927164, 0.44764302033923076, 0.4388254257216891, 0.43264791590254953, 0.43084354002846836], "test_losses": [0.6283760150526739, 0.5422550601184748, 0.5261111976994071, 0.4981115046580126, 0.5027061876407855, 0.46514930875058386, 0.4628538719977543, 0.4819344773793676, 0.48515476998250195, 0.45768972804212266], "test_accuracies": [0.7508, 0.7977, 0.8063, 0.818, 0.8199, 0.8312, 0.8336, 0.8266, 0.8301, 0.8348], "final_accuracy": 0.8371, "time_per_epoch": [8.893745183944702, 8.930397033691406, 8.830873012542725, 8.785779237747192, 8.87880825996399, 8.899861097335815, 8.818325996398926, 8.85930585861206, 8.891089916229248, 8.820541858673096]}