{"train_losses": [0.5744395588457889, 0.49053653123003427, 0.4636588652837551, 0.45055752630590273, 0.4397706788179461, 0.4333282581629047, 0.4279950076647408, 0.4212870802603179, 0.41689179645558827, 0.41669262388288825], "test_losses": [0.4397184776652391, 0.4111293019952288, 0.3985520514902795, 0.38529248915280506, 0.3800939517985484, 0.3859235839858936, 0.36460356646852127, 0.37174035162682745, 0.36420786456697307, 0.3677595562426148], "test_accuracies": [0.8406, 0.8579, 0.8619, 0.865, 0.8671, 0.8666, 0.8719, 0.8712, 0.8735, 0.8711], "final_accuracy": 0.8711}