{"train_losses": [0.6286119725650539, 0.5073669554233399, 0.4659694826243121, 0.43897803211997904, 0.41845377294486547, 0.4026609139768057, 0.3886487371393133, 0.371545784208771, 0.36193679364671477, 0.34887974211984274], "test_losses": [0.4396569069213928, 0.40645100565472986, 0.39131345500232306, 0.37409835636236105, 0.3720936398407456, 0.37954111691493136, 0.37036468373362424, 0.38218701825400064, 0.35967589829378066, 0.3679482204614172], "test_accuracies": [0.847, 0.8562, 0.8607, 0.867, 0.8681, 0.867, 0.8691, 0.8668, 0.8751, 0.872], "final_accuracy": 0.872}