{"train_losses": [0.6950520549311059, 0.5589393046237766, 0.5179008750646099, 0.4890299249432489, 0.47111495692274974, 0.46021791742935875, 0.4518422593694252, 0.44066579217341406, 0.43374796845574876, 0.42960409820079803], "test_losses": [0.5976865950283731, 0.5719325282391469, 0.5155728403360221, 0.5097086778871572, 0.5069881155612362, 0.4642967642492549, 0.4618682312737605, 0.4730636392998847, 0.4876247347350333, 0.4525855093435117], "test_accuracies": [0.7808, 0.7867, 0.8127, 0.815, 0.8109, 0.8306, 0.831, 0.8296, 0.8263, 0.8382], "final_accuracy": 0.8348, "time_per_epoch": [9.638206005096436, 10.538224935531616, 9.563710927963257, 9.547216176986694, 9.616758108139038, 9.48372483253479, 9.531303882598877, 9.503989934921265, 9.53737211227417, 9.503538846969604]}