{"train_losses": [0.5734505459647181, 0.4877365901653016, 0.46547396945903785, 0.4495501561064922, 0.4422075574607318, 0.4338558202024562, 0.42809600668479353, 0.42232200949621285, 0.4176053954320149, 0.4144785796377948], "test_losses": [0.43968485836770127, 0.4216772126164406, 0.4020276037371083, 0.39618952392013207, 0.3823884300365569, 0.37856923508795964, 0.37975273827079, 0.3750491807605051, 0.3731721234359559, 0.3710471796951476], "test_accuracies": [0.8389, 0.8502, 0.8532, 0.8605, 0.8679, 0.8664, 0.8687, 0.868, 0.8727, 0.8693], "final_accuracy": 0.8693, "time_per_epoch": [22.239125967025757, 21.903913021087646, 22.24854612350464, 22.628904104232788, 22.846764087677002, 22.730058908462524, 22.74760603904724, 22.943109035491943, 22.808849096298218, 22.28449773788452]}