{"train_losses": [0.23029088615773582, 0.6273852927410027, 0.2079334351410549, 0.2066720948258968, 0.20508769776317715, 0.6380960163358382, 0.19439572407371356, 0.18720506589522795, 0.18269773965277122, 0.1722780745146707], "test_losses": [0.3116346031047736, 0.334771368747494, 0.33342715101257253, 0.3350373404871696, 0.3483532544249182, 0.3553846926920733, 0.34836854875847034, 0.34311656103392313, 0.34950242153588373, 0.3486568616928568], "test_accuracies": [0.8967, 0.8945, 0.8928, 0.8901, 0.8964, 0.8913, 0.8937, 0.8941, 0.8926, 0.8958], "final_accuracy": 0.8958, "time_per_epoch": [40.27245807647705, 40.60243010520935, 40.74496412277222, 41.247565269470215, 40.75212001800537, 41.63913893699646, 41.46152973175049, 41.35516595840454, 40.76512408256531, 40.613653898239136]}