{"train_losses": [0.6912804575744214, 0.5563186269833335, 0.5151845730348691, 0.48498329286699865, 0.46912116611372434, 0.45322079668993126, 0.44664460558817587, 0.43872965338514813, 0.430500113967258, 0.42297664264054186], "test_losses": [0.6427860996525758, 0.5583112226549987, 0.5492461276282171, 0.495465172324211, 0.48990037894932326, 0.47475457988726866, 0.4664344085249931, 0.4743416429894745, 0.4595590728293559, 0.4592839278233279], "test_accuracies": [0.7472, 0.7929, 0.8055, 0.8172, 0.8233, 0.8322, 0.8313, 0.8289, 0.8352, 0.8369], "final_accuracy": 0.8368}