{"train_losses": [0.4660028277025415, 0.3664496102745394, 0.33529940796475666, 0.31589698757175294, 0.30019828970083146, 0.2891842842367462, 0.27809282989279327, 0.2665620603131404, 0.25929062541990633, 0.2513184881564103], "test_losses": [0.4174073292001797, 0.3637414456932408, 0.3575251928180646, 0.3520014761549652, 0.34923260246112847, 0.35468569649442744, 0.34940428381702704, 0.3537872682331474, 0.34420658572084584, 0.34712823769848816], "test_accuracies": [0.8514, 0.8656, 0.8719, 0.8759, 0.8803, 0.8779, 0.8814, 0.8841, 0.8857, 0.8855], "final_accuracy": 0.8855}