{"train_losses": [0.5504237714606816, 0.44892299840890015, 0.41911303780988846, 0.4020691604248242, 0.38530212920357676, 0.375443740463905, 0.3645779955536445, 0.35875430594343366, 0.35123848711758027, 0.3433927494897517], "test_losses": [0.46720130048739683, 0.41157267086065497, 0.3989441770656853, 0.400386943843714, 0.3788968777390802, 0.3681907210570232, 0.3645599614472906, 0.35024169576206027, 0.36426212937588903, 0.3664020111036908], "test_accuracies": [0.8325, 0.8505, 0.8524, 0.8478, 0.8627, 0.8663, 0.8683, 0.8751, 0.8716, 0.8709], "final_accuracy": 0.8709, "time_per_epoch": [8.531786918640137, 8.664499998092651, 8.51766300201416, 8.505290985107422, 8.572678804397583, 8.580817937850952, 8.527184009552002, 8.543311834335327, 8.599581003189087, 8.534695863723755]}