{"train_losses": [0.44728115712801614, 0.3451786230524381, 0.3047315263708433, 0.2826403779109319, 0.26568235135475793, 0.24631940810481706, 0.2344850067993005, 0.22371207602421442, 0.2133634382824103, 0.20449072323640188], "test_losses": [0.40843633586054395, 0.40586240475724455, 0.39338312283822685, 0.3512543986082836, 0.34547465731194066, 0.3533532519818871, 0.3536309454186707, 0.3479674116821046, 0.3748515498391382, 0.36782634310471785], "test_accuracies": [0.848, 0.8568, 0.8585, 0.8819, 0.8812, 0.8829, 0.88, 0.8876, 0.8824, 0.8865], "final_accuracy": 0.8865, "time_per_epoch": [7.655214071273804, 7.470246076583862, 7.46640419960022, 7.479305982589722, 7.561791896820068, 7.5195088386535645, 7.513868093490601, 7.449565172195435, 7.431230068206787, 7.470004081726074]}