{"train_losses": [0.4493283181428909, 0.34331517297029496, 0.3079582253019015, 0.28388354896306994, 0.2649986840605736, 0.2504664731562138, 0.23684066803057988, 0.22513955858747164, 0.21371774060527485, 0.20520017660061518], "test_losses": [0.44645839407565485, 0.3819705318113801, 0.3679145506233167, 0.3792859639996176, 0.3505271138374213, 0.34269484412518275, 0.3665580572975669, 0.34816232271445025, 0.3584554176421682, 0.3559006189654587], "test_accuracies": [0.8365, 0.865, 0.8684, 0.8598, 0.8787, 0.8836, 0.8802, 0.8866, 0.8838, 0.8878], "final_accuracy": 0.8878}