{"train_losses": [0.46421054522618144, 0.3653524011141484, 0.33452749679043076, 0.31602775882103135, 0.30147174254390363, 0.2882087201296444, 0.2776327813091869, 0.26872312749256044, 0.2604223260752946, 0.25417348057819916], "test_losses": [0.385149329616006, 0.3711490381485338, 0.3409713790485054, 0.34659447345384364, 0.3366726821015595, 0.33203742847700785, 0.3531567812155766, 0.3404567704363993, 0.35031938723697786, 0.3407656958053826], "test_accuracies": [0.8643, 0.8704, 0.8804, 0.88, 0.8841, 0.8876, 0.8814, 0.8862, 0.8827, 0.886], "final_accuracy": 0.886, "time_per_epoch": [17.78117084503174, 17.545164108276367, 17.502448797225952, 17.61573576927185, 17.424362897872925, 18.14108395576477, 17.952301025390625, 18.007519006729126, 18.110509634017944, 17.928339958190918]}