{"train_losses": [0.4648318803986795, 0.36459767167796553, 0.3334243800554666, 0.3159280820009092, 0.3018352861004427, 0.2882619165344984, 0.2779104644782307, 0.27099644935470546, 0.2610291660407323, 0.2528527840565089], "test_losses": [0.38577048831684574, 0.3702071894695804, 0.3545024641759836, 0.35901079274666536, 0.35762999724051, 0.34608092761723097, 0.3532745756541088, 0.3439554422144677, 0.3565498889916262, 0.35400921941562824], "test_accuracies": [0.861, 0.8694, 0.8749, 0.8722, 0.8765, 0.8828, 0.8767, 0.8852, 0.8786, 0.8837], "final_accuracy": 0.8837}