{"train_losses": [0.573034538903334, 0.4877876201008825, 0.465949003861219, 0.45184858279690504, 0.4404790248759981, 0.43271045180819545, 0.42823087080276917, 0.4224663060857778, 0.4180530710940475, 0.4142677994800967], "test_losses": [0.42473822471442496, 0.408884625431079, 0.3884771076167465, 0.38655425285457806, 0.3880957844340877, 0.37932209793929084, 0.3663765853567488, 0.37901924484094995, 0.3667127972195862, 0.3698256408238107], "test_accuracies": [0.8502, 0.8544, 0.865, 0.865, 0.8648, 0.8646, 0.8722, 0.8662, 0.8703, 0.8701], "final_accuracy": 0.8701, "time_per_epoch": [20.581401109695435, 20.61561131477356, 20.60410499572754, 20.940809965133667, 20.98333501815796, 21.05143404006958, 20.84405207633972, 20.87519097328186, 20.87405276298523, 20.917285919189453]}