{"train_losses": [0.5537774860064613, 0.44720435066263814, 0.4179693119231063, 0.39717750953458775, 0.3875063231139422, 0.3750646263678699, 0.3677110557776016, 0.3547933548609458, 0.3504501802564811, 0.34373993775261236], "test_losses": [0.4415320940078444, 0.4284303336386468, 0.3909307722073452, 0.40167369033880296, 0.39603974456620067, 0.37338062731703375, 0.37265186438894576, 0.35736451430875027, 0.36110599395955445, 0.36407739104359016], "test_accuracies": [0.8423, 0.8397, 0.8577, 0.8572, 0.8528, 0.8671, 0.8712, 0.8715, 0.8732, 0.8711], "final_accuracy": 0.8711}