{"train_losses": [0.550686729138594, 0.45212518739929075, 0.41603361719897564, 0.4008633075222405, 0.3857333163049684, 0.37495290739005055, 0.36694505740838773, 0.36006485633472646, 0.3534512752488351, 0.3453519224072062], "test_losses": [0.44444308311316616, 0.42735071205029823, 0.40041984722113155, 0.37942255463949437, 0.37942773198625845, 0.3795617082316405, 0.37903722000729506, 0.3744469139796154, 0.36564982345529423, 0.35324831060163536], "test_accuracies": [0.8365, 0.8473, 0.8583, 0.8612, 0.8619, 0.8651, 0.864, 0.8688, 0.8693, 0.8748], "final_accuracy": 0.8748, "time_per_epoch": [7.65355110168457, 7.76977801322937, 7.696375131607056, 7.711374759674072, 7.716517925262451, 7.704042911529541, 7.726197719573975, 7.679322004318237, 7.954746723175049, 7.766953945159912]}